Workbook

Sheet Sheet1
A1: Marks | B1: Date | C1: Start | D1: End | E1: Total
A2: 20230728_150833 | B2: 45135 | C2: 0.63113426 | D2: 0.63204861 | E2: =IF(D2>C2,D2-C2,D2-C2+24) -> 0.00091435185 | F2: =HOUR(E2) -> 0 | G2: =MINUTE(E2) -> 1 | H2: =SECOND(E2) -> 19
A3: 20230728_152434 | B3: 45135 | C3: 0.64226852 | D3: 0.64246528 | E3: =IF(D3>C3,D3-C3,D3-C3+24) -> 0.00019675926 | F3: =HOUR(E3) -> 0 | G3: =MINUTE(E3) -> 0 | H3: =SECOND(E3) -> 17
A4: 20230728_160802 | B4: 45135 | C4: 0.67258102 | D4: 0.67890046 | E4: =IF(D4>C4,D4-C4,D4-C4+24) -> 0.0063194444 | F4: =HOUR(E4) -> 0 | G4: =MINUTE(E4) -> 9 | H4: =SECOND(E4) -> 6
A5: 20230728_162147 | B5: 45135 | C5: 0.68203704 | D5: 0.71006944 | E5: =IF(D5>C5,D5-C5,D5-C5+24) -> 0.028032407 | F5: =HOUR(E5) -> 0 | G5: =MINUTE(E5) -> 40 | H5: =SECOND(E5) -> 22
A6: 20230728_211711 | B6: 45135 | C6: 0.88717593 | D6: 0.22053241 | E6: =IF(D6>C6,D6-C6,D6-C6+24) -> 23.333356 | F6: =HOUR(E6) -> 8 | G6: =MINUTE(E6) -> 0 | H6: =SECOND(E6) -> 2
A7: 20230730_074226 | B7: 45137 | C7: 0.32140046 | D7: 0.54792824 | E7: =IF(D7>C7,D7-C7,D7-C7+24) -> 0.22652778 | F7: =HOUR(E7) -> 5 | G7: =MINUTE(E7) -> 26 | H7: =SECOND(E7) -> 12
A8: 20230730_131421 | B8: 45137 | C8: 0.5518287 | D8: 0.68597222 | E8: =IF(D8>C8,D8-C8,D8-C8+24) -> 0.13414352 | F8: =HOUR(E8) -> 3 | G8: =MINUTE(E8) -> 13 | H8: =SECOND(E8) -> 10
A9: 20230731_105559 | B9: 45138 | C9: 0.45572917 | D9: 0.45599537 | E9: =IF(D9>C9,D9-C9,D9-C9+24) -> 0.0002662037 | F9: =HOUR(E9) -> 0 | G9: =MINUTE(E9) -> 0 | H9: =SECOND(E9) -> 23
A10: 20230731_110122 | B10: 45138 | C10: 0.45945602 | D10: 0.52969907 | E10: =IF(D10>C10,D10-C10,D10-C10+24) -> 0.070243056 | F10: =HOUR(E10) -> 1 | G10: =MINUTE(E10) -> 41 | H10: =SECOND(E10) -> 9
A11: 20230802_111329 | B11: 45140 | C11: 0.46789352 | D11: 0.49177083 | E11: =IF(D11>C11,D11-C11,D11-C11+24) -> 0.023877315 | F11: =HOUR(E11) -> 0 | G11: =MINUTE(E11) -> 34 | H11: =SECOND(E11) -> 23
A12: 20230802_130450 | B12: 45140 | C12: 0.54530093 | D12: 0.66167824 | E12: =IF(D12>C12,D12-C12,D12-C12+24) -> 0.11637731 | F12: =HOUR(E12) -> 2 | G12: =MINUTE(E12) -> 47 | H12: =SECOND(E12) -> 35
A13: 20230802_160146 | B13: 45140 | C13: 0.6680787 | D13: 0.69855324 | E13: =IF(D13>C13,D13-C13,D13-C13+24) -> 0.030474537 | F13: =HOUR(E13) -> 0 | G13: =MINUTE(E13) -> 43 | H13: =SECOND(E13) -> 53
... A124: DL_20230831_070701 | B124: 45169 | C124: 0.29710648 | D124: 0.65327546 | E124: =IF(D124>C124,D124-C124,D124-C124+24) -> 0.35616898 | F124: =HOUR(E124) -> 8 | G124: =MINUTE(E124) -> 32 | H124: =SECOND(E124) -> 53
A126: Total | E126: =F127 -> 574 | F126: =SUM(F2:F124) -> 512 | G126: =SUM(G2:G124) -> 3653 | H126: =SUM(H2:H124) -> 3777
F127: =ROUND(F126+G127+H127,0) -> 574 | G127: =G126/60 -> 60.883333 | H127: =H126/3600 -> 1.0491667

Sheet Sheet2
D3: 45140 | E3: =SUMIF(Sheet1!$B:$B,$D3,Sheet1!F:F) -> 4 | F3: =SUMIF(Sheet1!$B:$B,$D3,Sheet1!G:G) -> 186 | G3: =SUMIF(Sheet1!$B:$B,$D3,Sheet1!H:H) -> 163 | H3: =ROUND((G3/60+F3)/60+E3,2) -> 7.15
D4: 45141 | E4: =SUMIF(Sheet1!$B:$B,$D4,Sheet1!F:F) -> 14 | F4: =SUMIF(Sheet1!$B:$B,$D4,Sheet1!G:G) -> 104 | G4: =SUMIF(Sheet1!$B:$B,$D4,Sheet1!H:H) -> 96 | H4: =ROUND((G4/60+F4)/60+E4,2) -> 15.76
D5: 45142 | E5: =SUMIF(Sheet1!$B:$B,$D5,Sheet1!F:F) -> 17 | F5: =SUMIF(Sheet1!$B:$B,$D5,Sheet1!G:G) -> 120 | G5: =SUMIF(Sheet1!$B:$B,$D5,Sheet1!H:H) -> 163 | H5: =ROUND((G5/60+F5)/60+E5,2) -> 19.05
D6: 45143 | E6: =SUMIF(Sheet1!$B:$B,$D6,Sheet1!F:F) -> 15 | F6: =SUMIF(Sheet1!$B:$B,$D6,Sheet1!G:G) -> 43 | G6: =SUMIF(Sheet1!$B:$B,$D6,Sheet1!H:H) -> 54 | H6: =ROUND((G6/60+F6)/60+E6,2) -> 15.73
D7: 45144 | E7: =SUMIF(Sheet1!$B:$B,$D7,Sheet1!F:F) -> 12 | F7: =SUMIF(Sheet1!$B:$B,$D7,Sheet1!G:G) -> 171 | G7: =SUMIF(Sheet1!$B:$B,$D7,Sheet1!H:H) -> 172 | H7: =ROUND((G7/60+F7)/60+E7,2) -> 14.9
D8: 45145 | E8: =SUMIF(Sheet1!$B:$B,$D8,Sheet1!F:F) -> 14 | F8: =SUMIF(Sheet1!$B:$B,$D8,Sheet1!G:G) -> 90 | G8: =SUMIF(Sheet1!$B:$B,$D8,Sheet1!H:H) -> 15 | H8: =ROUND((G8/60+F8)/60+E8,2) -> 15.5
D9: 45146 | E9: =SUMIF(Sheet1!$B:$B,$D9,Sheet1!F:F) -> 21 | F9: =SUMIF(Sheet1!$B:$B,$D9,Sheet1!G:G) -> 156 | G9: =SUMIF(Sheet1!$B:$B,$D9,Sheet1!H:H) -> 121 | H9: =ROUND((G9/60+F9)/60+E9,2) -> 23.63
D10: 45147 | E10: =SUMIF(Sheet1!$B:$B,$D10,Sheet1!F:F) -> 20 | F10: =SUMIF(Sheet1!$B:$B,$D10,Sheet1!G:G) -> 61 | G10: =SUMIF(Sheet1!$B:$B,$D10,Sheet1!H:H) -> 62 | H10: =ROUND((G10/60+F10)/60+E10,2) -> 21.03
D11: 45148 | E11: =SUMIF(Sheet1!$B:$B,$D11,Sheet1!F:F) -> 13 | F11: =SUMIF(Sheet1!$B:$B,$D11,Sheet1!G:G) -> 108 | G11: =SUMIF(Sheet1!$B:$B,$D11,Sheet1!H:H) -> 107 | H11: =ROUND((G11/60+F11)/60+E11,2) -> 14.83
D12: 45149 | E12: =SUMIF(Sheet1!$B:$B,$D12,Sheet1!F:F) -> 22 | F12: =SUMIF(Sheet1!$B:$B,$D12,Sheet1!G:G) -> 190 | G12: =SUMIF(Sheet1!$B:$B,$D12,Sheet1!H:H) -> 231 | H12: =ROUND((G12/60+F12)/60+E12,2) -> 25.23
D13: 45150 | E13: =SUMIF(Sheet1!$B:$B,$D13,Sheet1!F:F) -> 16 | F13: =SUMIF(Sheet1!$B:$B,$D13,Sheet1!G:G) -> 135 | G13: =SUMIF(Sheet1!$B:$B,$D13,Sheet1!H:H) -> 80 | H13: =ROUND((G13/60+F13)/60+E13,2) -> 18.27
D14: 45151 | E14: =SUMIF(Sheet1!$B:$B,$D14,Sheet1!F:F) -> 14 | F14: =SUMIF(Sheet1!$B:$B,$D14,Sheet1!G:G) -> 214 | G14: =SUMIF(Sheet1!$B:$B,$D14,Sheet1!H:H) -> 204 | H14: =ROUND((G14/60+F14)/60+E14,2) -> 17.62
... D34: 45180 | E34: =SUMIF(Sheet1!$B:$B,$D34,Sheet1!F:F) -> 1 | F34: =SUMIF(Sheet1!$B:$B,$D34,Sheet1!G:G) -> 14 | G34: =SUMIF(Sheet1!$B:$B,$D34,Sheet1!H:H) -> 16 | H34: =ROUND((G34/60+F34)/60+E34,2) -> 1.24
